{
  "name": "colmap",
  "version-string": "3.6",
  "description": "COLMAP is a general-purpose Structure-from-Motion (SfM) and Multi-View Stereo (MVS) pipeline with a graphical and command-line interface. It offers a wide range of features for reconstruction of ordered and unordered image collections. The software is licensed under the new BSD license.",
  "homepage": "https://colmap.github.io/",
  "license": "BSD-3-Clause",
  "dependencies": [
    "boost-filesystem",
    "boost-graph",
    "boost-program-options",
    "boost-regex",
    "boost-system",
    "boost-test",
    {
      "name": "ceres",
      "features": [
        "lapack",
        "suitesparse"
      ]
    },
    {
      "name": "cgal",
      "features": [
        "qt"
      ]
    },
    "eigen3",
    "freeimage",
    "gflags",
    "glew",
    "glog",
    "qt5-base",
    "suitesparse"
  ],
  "features": [
    {
      "name": "cuda",
      "description": "CUDA support for current compute architecture of this machine.",
      "dependencies": [
        "cuda"
      ]
    },
    {
      "name": "cuda-redist",
      "description": "Redistributable CUDA support for common supported compute architectures.",
      "dependencies": [
        "cuda"
      ]
    },
    {
      "name": "tests",
      "description": "Enable TESTS."
    }
  ]
}
